run_berlin52-13.2_520_0.json,run_berlin52,True,18371
run_berlin52-13.2_520_1.json,run_berlin52,False,1019313
run_berlin52-13.2_520_10.json,run_berlin52,False,1018832
run_berlin52-13.2_520_11.json,run_berlin52,True,18184
run_berlin52-13.2_520_12.json,run_berlin52,True,18290
run_berlin52-13.2_520_13.json,run_berlin52,True,21284
run_berlin52-13.2_520_14.json,run_berlin52,True,18315
run_berlin52-13.2_520_15.json,run_berlin52,False,1018370
run_berlin52-13.2_520_16.json,run_berlin52,True,19119
run_berlin52-13.2_520_17.json,run_berlin52,True,18122
run_berlin52-13.2_520_18.json,run_berlin52,True,20672
run_berlin52-13.2_520_19.json,run_berlin52,True,20188
run_berlin52-13.2_520_2.json,run_berlin52,True,19253
run_berlin52-13.2_520_20.json,run_berlin52,True,20694
run_berlin52-13.2_520_21.json,run_berlin52,True,17844
run_berlin52-13.2_520_22.json,run_berlin52,True,18249
run_berlin52-13.2_520_23.json,run_berlin52,True,19366
run_berlin52-13.2_520_24.json,run_berlin52,True,21474
run_berlin52-13.2_520_25.json,run_berlin52,True,22546
run_berlin52-13.2_520_26.json,run_berlin52,True,20896
run_berlin52-13.2_520_27.json,run_berlin52,True,19326
run_berlin52-13.2_520_28.json,run_berlin52,True,20387
run_berlin52-13.2_520_29.json,run_berlin52,False,1018478
run_berlin52-13.2_520_3.json,run_berlin52,True,19594
run_berlin52-13.2_520_30.json,run_berlin52,True,21284
run_berlin52-13.2_520_31.json,run_berlin52,True,20179
run_berlin52-13.2_520_32.json,run_berlin52,True,20506
run_berlin52-13.2_520_33.json,run_berlin52,True,20169
run_berlin52-13.2_520_34.json,run_berlin52,True,18951
run_berlin52-13.2_520_35.json,run_berlin52,True,17343
run_berlin52-13.2_520_36.json,run_berlin52,True,20343
run_berlin52-13.2_520_37.json,run_berlin52,True,21202
run_berlin52-13.2_520_38.json,run_berlin52,True,20207
run_berlin52-13.2_520_39.json,run_berlin52,True,18337
run_berlin52-13.2_520_4.json,run_berlin52,True,17977
run_berlin52-13.2_520_40.json,run_berlin52,True,20809
run_berlin52-13.2_520_41.json,run_berlin52,False,1018605
run_berlin52-13.2_520_42.json,run_berlin52,True,20064
run_berlin52-13.2_520_43.json,run_berlin52,True,20730
run_berlin52-13.2_520_44.json,run_berlin52,True,17124
run_berlin52-13.2_520_45.json,run_berlin52,True,19134
run_berlin52-13.2_520_46.json,run_berlin52,True,20698
run_berlin52-13.2_520_47.json,run_berlin52,True,20092
run_berlin52-13.2_520_48.json,run_berlin52,True,19523
run_berlin52-13.2_520_49.json,run_berlin52,True,20044
run_berlin52-13.2_520_5.json,run_berlin52,True,20644
run_berlin52-13.2_520_6.json,run_berlin52,True,20978
run_berlin52-13.2_520_7.json,run_berlin52,True,20673
run_berlin52-13.2_520_8.json,run_berlin52,True,19557
run_berlin52-13.2_520_9.json,run_berlin52,True,17593
run_burma14-3.1_140_0.json,run_burma14,True,52
run_burma14-3.1_140_1.json,run_burma14,True,52
run_burma14-3.1_140_10.json,run_burma14,True,52
run_burma14-3.1_140_11.json,run_burma14,True,52
run_burma14-3.1_140_12.json,run_burma14,True,52
run_burma14-3.1_140_13.json,run_burma14,True,52
run_burma14-3.1_140_14.json,run_burma14,True,52
run_burma14-3.1_140_15.json,run_burma14,True,52
run_burma14-3.1_140_16.json,run_burma14,True,52
run_burma14-3.1_140_17.json,run_burma14,True,52
run_burma14-3.1_140_18.json,run_burma14,True,52
run_burma14-3.1_140_19.json,run_burma14,True,52
run_burma14-3.1_140_2.json,run_burma14,True,52
run_burma14-3.1_140_20.json,run_burma14,True,52
run_burma14-3.1_140_21.json,run_burma14,True,52
run_burma14-3.1_140_22.json,run_burma14,True,52
run_burma14-3.1_140_23.json,run_burma14,True,52
run_burma14-3.1_140_24.json,run_burma14,True,52
run_burma14-3.1_140_25.json,run_burma14,True,52
run_burma14-3.1_140_26.json,run_burma14,True,52
run_burma14-3.1_140_27.json,run_burma14,True,52
run_burma14-3.1_140_28.json,run_burma14,True,52
run_burma14-3.1_140_29.json,run_burma14,True,52
run_burma14-3.1_140_3.json,run_burma14,True,52
run_burma14-3.1_140_30.json,run_burma14,True,52
run_burma14-3.1_140_31.json,run_burma14,True,52
run_burma14-3.1_140_32.json,run_burma14,True,52
run_burma14-3.1_140_33.json,run_burma14,True,52
run_burma14-3.1_140_34.json,run_burma14,True,52
run_burma14-3.1_140_35.json,run_burma14,True,52
run_burma14-3.1_140_36.json,run_burma14,True,52
run_burma14-3.1_140_37.json,run_burma14,True,52
run_burma14-3.1_140_38.json,run_burma14,True,52
run_burma14-3.1_140_39.json,run_burma14,True,52
run_burma14-3.1_140_4.json,run_burma14,True,52
run_burma14-3.1_140_40.json,run_burma14,True,52
run_burma14-3.1_140_41.json,run_burma14,True,52
run_burma14-3.1_140_42.json,run_burma14,True,52
run_burma14-3.1_140_43.json,run_burma14,True,52
run_burma14-3.1_140_44.json,run_burma14,True,52
run_burma14-3.1_140_45.json,run_burma14,True,52
run_burma14-3.1_140_46.json,run_burma14,True,52
run_burma14-3.1_140_47.json,run_burma14,True,52
run_burma14-3.1_140_48.json,run_burma14,True,52
run_burma14-3.1_140_49.json,run_burma14,True,52
run_burma14-3.1_140_5.json,run_burma14,True,52
run_burma14-3.1_140_6.json,run_burma14,True,52
run_burma14-3.1_140_7.json,run_burma14,True,52
run_burma14-3.1_140_8.json,run_burma14,True,52
run_burma14-3.1_140_9.json,run_burma14,True,52
run_d657-322.7_6570_0.json,run_d657,True,420267
run_d657-322.7_6570_1.json,run_d657,True,420267
run_d657-322.7_6570_10.json,run_d657,True,420267
run_d657-322.7_6570_11.json,run_d657,True,420267
run_d657-322.7_6570_12.json,run_d657,True,420267
run_d657-322.7_6570_13.json,run_d657,True,420482
run_d657-322.7_6570_14.json,run_d657,True,420267
run_d657-322.7_6570_15.json,run_d657,True,420471
run_d657-322.7_6570_16.json,run_d657,True,420267
run_d657-322.7_6570_17.json,run_d657,True,420471
run_d657-322.7_6570_18.json,run_d657,True,420471
run_d657-322.7_6570_19.json,run_d657,True,420471
run_d657-322.7_6570_2.json,run_d657,True,420471
run_d657-322.7_6570_20.json,run_d657,True,420471
run_d657-322.7_6570_21.json,run_d657,True,420471
run_d657-322.7_6570_22.json,run_d657,True,420471
run_d657-322.7_6570_23.json,run_d657,True,420471
run_d657-322.7_6570_24.json,run_d657,True,420267
run_d657-322.7_6570_25.json,run_d657,True,420267
run_d657-322.7_6570_26.json,run_d657,True,420267
run_d657-322.7_6570_27.json,run_d657,True,420471
run_d657-322.7_6570_28.json,run_d657,True,420482
run_d657-322.7_6570_29.json,run_d657,True,420267
run_d657-322.7_6570_3.json,run_d657,True,420249
run_d657-322.7_6570_30.json,run_d657,True,420482
run_d657-322.7_6570_31.json,run_d657,True,420267
run_d657-322.7_6570_32.json,run_d657,True,420471
run_d657-322.7_6570_33.json,run_d657,True,420482
run_d657-322.7_6570_34.json,run_d657,True,420267
run_d657-322.7_6570_35.json,run_d657,True,420267
run_d657-322.7_6570_36.json,run_d657,True,420482
run_d657-322.7_6570_37.json,run_d657,True,420471
run_d657-322.7_6570_38.json,run_d657,True,420471
run_d657-322.7_6570_39.json,run_d657,True,420471
run_d657-322.7_6570_4.json,run_d657,True,420267
run_d657-322.7_6570_40.json,run_d657,True,413635
run_d657-322.7_6570_41.json,run_d657,True,413635
run_d657-322.7_6570_42.json,run_d657,True,413635
run_d657-322.7_6570_43.json,run_d657,True,413642
run_d657-322.7_6570_44.json,run_d657,True,413642
run_d657-322.7_6570_45.json,run_d657,True,413635
run_d657-322.7_6570_46.json,run_d657,True,413635
run_d657-322.7_6570_47.json,run_d657,True,413635
run_d657-322.7_6570_48.json,run_d657,True,413276
run_d657-322.7_6570_49.json,run_d657,True,413635
run_d657-322.7_6570_5.json,run_d657,True,420249
run_d657-322.7_6570_6.json,run_d657,True,420267
run_d657-322.7_6570_7.json,run_d657,True,420267
run_d657-322.7_6570_8.json,run_d657,True,420267
run_d657-322.7_6570_9.json,run_d657,True,420471
run_eil101-27.5_1010_0.json,run_eil101,True,1751
run_eil101-27.5_1010_1.json,run_eil101,True,1753
run_eil101-27.5_1010_10.json,run_eil101,True,1889
run_eil101-27.5_1010_11.json,run_eil101,True,1784
run_eil101-27.5_1010_12.json,run_eil101,True,1864
run_eil101-27.5_1010_13.json,run_eil101,True,1937
run_eil101-27.5_1010_14.json,run_eil101,True,1725
run_eil101-27.5_1010_15.json,run_eil101,True,1841
run_eil101-27.5_1010_16.json,run_eil101,True,1760
run_eil101-27.5_1010_17.json,run_eil101,True,1741
run_eil101-27.5_1010_18.json,run_eil101,True,1708
run_eil101-27.5_1010_19.json,run_eil101,True,1758
run_eil101-27.5_1010_2.json,run_eil101,True,1807
run_eil101-27.5_1010_20.json,run_eil101,True,1858
run_eil101-27.5_1010_21.json,run_eil101,True,1875
run_eil101-27.5_1010_22.json,run_eil101,True,1880
run_eil101-27.5_1010_23.json,run_eil101,True,1818
run_eil101-27.5_1010_24.json,run_eil101,True,1865
run_eil101-27.5_1010_25.json,run_eil101,True,1898
run_eil101-27.5_1010_26.json,run_eil101,True,1897
run_eil101-27.5_1010_27.json,run_eil101,True,1711
run_eil101-27.5_1010_28.json,run_eil101,True,1797
run_eil101-27.5_1010_29.json,run_eil101,True,1866
run_eil101-27.5_1010_3.json,run_eil101,True,1796
run_eil101-27.5_1010_30.json,run_eil101,True,1782
run_eil101-27.5_1010_31.json,run_eil101,True,1815
run_eil101-27.5_1010_32.json,run_eil101,True,1824
run_eil101-27.5_1010_33.json,run_eil101,True,1975
run_eil101-27.5_1010_34.json,run_eil101,True,1864
run_eil101-27.5_1010_35.json,run_eil101,True,1821
run_eil101-27.5_1010_36.json,run_eil101,True,1750
run_eil101-27.5_1010_37.json,run_eil101,True,1879
run_eil101-27.5_1010_38.json,run_eil101,True,1796
run_eil101-27.5_1010_39.json,run_eil101,True,1782
run_eil101-27.5_1010_4.json,run_eil101,True,1700
run_eil101-27.5_1010_40.json,run_eil101,True,1836
run_eil101-27.5_1010_41.json,run_eil101,True,1746
run_eil101-27.5_1010_42.json,run_eil101,True,1837
run_eil101-27.5_1010_43.json,run_eil101,True,1852
run_eil101-27.5_1010_44.json,run_eil101,True,1847
run_eil101-27.5_1010_45.json,run_eil101,True,1726
run_eil101-27.5_1010_46.json,run_eil101,True,1705
run_eil101-27.5_1010_47.json,run_eil101,True,1831
run_eil101-27.5_1010_48.json,run_eil101,True,1821
run_eil101-27.5_1010_49.json,run_eil101,True,1826
run_eil101-27.5_1010_5.json,run_eil101,True,1754
run_eil101-27.5_1010_6.json,run_eil101,True,1914
run_eil101-27.5_1010_7.json,run_eil101,True,1753
run_eil101-27.5_1010_8.json,run_eil101,True,1837
run_eil101-27.5_1010_9.json,run_eil101,True,1954
run_fl417-160.6_4170_0.json,run_fl417,True,264090
run_fl417-160.6_4170_1.json,run_fl417,True,264190
run_fl417-160.6_4170_10.json,run_fl417,True,266948
run_fl417-160.6_4170_11.json,run_fl417,True,264177
run_fl417-160.6_4170_12.json,run_fl417,True,266948
run_fl417-160.6_4170_13.json,run_fl417,True,266979
run_fl417-160.6_4170_14.json,run_fl417,True,266948
run_fl417-160.6_4170_15.json,run_fl417,True,264090
run_fl417-160.6_4170_16.json,run_fl417,True,264190
run_fl417-160.6_4170_17.json,run_fl417,True,266979
run_fl417-160.6_4170_18.json,run_fl417,True,266979
run_fl417-160.6_4170_19.json,run_fl417,True,266979
run_fl417-160.6_4170_2.json,run_fl417,True,264087
run_fl417-160.6_4170_20.json,run_fl417,True,264091
run_fl417-160.6_4170_21.json,run_fl417,True,264087
run_fl417-160.6_4170_22.json,run_fl417,True,264090
run_fl417-160.6_4170_23.json,run_fl417,True,266948
run_fl417-160.6_4170_24.json,run_fl417,True,264087
run_fl417-160.6_4170_25.json,run_fl417,True,264087
run_fl417-160.6_4170_26.json,run_fl417,True,264090
run_fl417-160.6_4170_27.json,run_fl417,True,264090
run_fl417-160.6_4170_28.json,run_fl417,True,264090
run_fl417-160.6_4170_29.json,run_fl417,True,266979
run_fl417-160.6_4170_3.json,run_fl417,True,264090
run_fl417-160.6_4170_30.json,run_fl417,True,264090
run_fl417-160.6_4170_31.json,run_fl417,True,266979
run_fl417-160.6_4170_32.json,run_fl417,True,266979
run_fl417-160.6_4170_33.json,run_fl417,True,266948
run_fl417-160.6_4170_34.json,run_fl417,True,264091
run_fl417-160.6_4170_35.json,run_fl417,True,266979
run_fl417-160.6_4170_36.json,run_fl417,True,264092
run_fl417-160.6_4170_37.json,run_fl417,True,266979
run_fl417-160.6_4170_38.json,run_fl417,True,266979
run_fl417-160.6_4170_39.json,run_fl417,True,264091
run_fl417-160.6_4170_4.json,run_fl417,True,264090
run_fl417-160.6_4170_40.json,run_fl417,True,263166
run_fl417-160.6_4170_41.json,run_fl417,True,263166
run_fl417-160.6_4170_42.json,run_fl417,True,263166
run_fl417-160.6_4170_43.json,run_fl417,True,263166
run_fl417-160.6_4170_44.json,run_fl417,True,263188
run_fl417-160.6_4170_45.json,run_fl417,True,263340
run_fl417-160.6_4170_46.json,run_fl417,True,263166
run_fl417-160.6_4170_47.json,run_fl417,True,263669
run_fl417-160.6_4170_48.json,run_fl417,True,263340
run_fl417-160.6_4170_49.json,run_fl417,True,263339
run_fl417-160.6_4170_5.json,run_fl417,True,264087
run_fl417-160.6_4170_6.json,run_fl417,True,266979
run_fl417-160.6_4170_7.json,run_fl417,True,266979
run_fl417-160.6_4170_8.json,run_fl417,True,264090
run_fl417-160.6_4170_9.json,run_fl417,True,264087
run_gr202-67.3_2020_0.json,run_gr202,True,1349
run_gr202-67.3_2020_1.json,run_gr202,True,1364
run_gr202-67.3_2020_10.json,run_gr202,True,1435
run_gr202-67.3_2020_11.json,run_gr202,True,1411
run_gr202-67.3_2020_12.json,run_gr202,True,1372
run_gr202-67.3_2020_13.json,run_gr202,True,1395
run_gr202-67.3_2020_14.json,run_gr202,True,1363
run_gr202-67.3_2020_15.json,run_gr202,True,1303
run_gr202-67.3_2020_16.json,run_gr202,True,1448
run_gr202-67.3_2020_17.json,run_gr202,True,1434
run_gr202-67.3_2020_18.json,run_gr202,True,1427
run_gr202-67.3_2020_19.json,run_gr202,True,1403
run_gr202-67.3_2020_2.json,run_gr202,True,1428
run_gr202-67.3_2020_20.json,run_gr202,True,1375
run_gr202-67.3_2020_21.json,run_gr202,True,1386
run_gr202-67.3_2020_22.json,run_gr202,True,1380
run_gr202-67.3_2020_23.json,run_gr202,True,1257
run_gr202-67.3_2020_24.json,run_gr202,True,1248
run_gr202-67.3_2020_25.json,run_gr202,True,1387
run_gr202-67.3_2020_26.json,run_gr202,True,1365
run_gr202-67.3_2020_27.json,run_gr202,True,1170
run_gr202-67.3_2020_28.json,run_gr202,True,1351
run_gr202-67.3_2020_29.json,run_gr202,True,1509
run_gr202-67.3_2020_3.json,run_gr202,True,1340
run_gr202-67.3_2020_30.json,run_gr202,True,1266
run_gr202-67.3_2020_31.json,run_gr202,True,1407
run_gr202-67.3_2020_32.json,run_gr202,True,1389
run_gr202-67.3_2020_33.json,run_gr202,True,1357
run_gr202-67.3_2020_34.json,run_gr202,True,1546
run_gr202-67.3_2020_35.json,run_gr202,True,1389
run_gr202-67.3_2020_36.json,run_gr202,True,1349
run_gr202-67.3_2020_37.json,run_gr202,True,1439
run_gr202-67.3_2020_38.json,run_gr202,True,1398
run_gr202-67.3_2020_39.json,run_gr202,True,1453
run_gr202-67.3_2020_4.json,run_gr202,True,1422
run_gr202-67.3_2020_40.json,run_gr202,True,1421
run_gr202-67.3_2020_41.json,run_gr202,True,1367
run_gr202-67.3_2020_42.json,run_gr202,True,1344
run_gr202-67.3_2020_43.json,run_gr202,True,1449
run_gr202-67.3_2020_44.json,run_gr202,True,1386
run_gr202-67.3_2020_45.json,run_gr202,True,1302
run_gr202-67.3_2020_46.json,run_gr202,True,1444
run_gr202-67.3_2020_47.json,run_gr202,True,1458
run_gr202-67.3_2020_48.json,run_gr202,True,1371
run_gr202-67.3_2020_49.json,run_gr202,True,1414
run_gr202-67.3_2020_5.json,run_gr202,True,1411
run_gr202-67.3_2020_6.json,run_gr202,True,1376
run_gr202-67.3_2020_7.json,run_gr202,True,1432
run_gr202-67.3_2020_8.json,run_gr202,True,1439
run_gr202-67.3_2020_9.json,run_gr202,True,1360
run_lin318-99.3_3180_0.json,run_lin318,True,312614
run_lin318-99.3_3180_1.json,run_lin318,True,312611
run_lin318-99.3_3180_10.json,run_lin318,True,313954
run_lin318-99.3_3180_11.json,run_lin318,True,314733
run_lin318-99.3_3180_12.json,run_lin318,True,313203
run_lin318-99.3_3180_13.json,run_lin318,True,313203
run_lin318-99.3_3180_14.json,run_lin318,True,312897
run_lin318-99.3_3180_15.json,run_lin318,True,313954
run_lin318-99.3_3180_16.json,run_lin318,True,312897
run_lin318-99.3_3180_17.json,run_lin318,True,312614
run_lin318-99.3_3180_18.json,run_lin318,True,312897
run_lin318-99.3_3180_19.json,run_lin318,True,313954
run_lin318-99.3_3180_2.json,run_lin318,True,312897
run_lin318-99.3_3180_20.json,run_lin318,True,313203
run_lin318-99.3_3180_21.json,run_lin318,True,312614
run_lin318-99.3_3180_22.json,run_lin318,True,312897
run_lin318-99.3_3180_23.json,run_lin318,True,312897
run_lin318-99.3_3180_24.json,run_lin318,True,313203
run_lin318-99.3_3180_25.json,run_lin318,True,313954
run_lin318-99.3_3180_26.json,run_lin318,True,313203
run_lin318-99.3_3180_27.json,run_lin318,True,312897
run_lin318-99.3_3180_28.json,run_lin318,True,312897
run_lin318-99.3_3180_29.json,run_lin318,True,313203
run_lin318-99.3_3180_3.json,run_lin318,True,312614
run_lin318-99.3_3180_30.json,run_lin318,True,313203
run_lin318-99.3_3180_31.json,run_lin318,True,313203
run_lin318-99.3_3180_32.json,run_lin318,True,313203
run_lin318-99.3_3180_33.json,run_lin318,True,314733
run_lin318-99.3_3180_34.json,run_lin318,True,312897
run_lin318-99.3_3180_35.json,run_lin318,True,312614
run_lin318-99.3_3180_36.json,run_lin318,True,313203
run_lin318-99.3_3180_37.json,run_lin318,True,313203
run_lin318-99.3_3180_38.json,run_lin318,True,312897
run_lin318-99.3_3180_39.json,run_lin318,True,313954
run_lin318-99.3_3180_4.json,run_lin318,True,312897
run_lin318-99.3_3180_40.json,run_lin318,True,311759
run_lin318-99.3_3180_41.json,run_lin318,True,311759
run_lin318-99.3_3180_42.json,run_lin318,True,311759
run_lin318-99.3_3180_43.json,run_lin318,True,311759
run_lin318-99.3_3180_44.json,run_lin318,True,311759
run_lin318-99.3_3180_45.json,run_lin318,True,311759
run_lin318-99.3_3180_46.json,run_lin318,True,311759
run_lin318-99.3_3180_47.json,run_lin318,True,312611
run_lin318-99.3_3180_48.json,run_lin318,True,312611
run_lin318-99.3_3180_49.json,run_lin318,True,311759
run_lin318-99.3_3180_5.json,run_lin318,True,313954
run_lin318-99.3_3180_6.json,run_lin318,True,312897
run_lin318-99.3_3180_7.json,run_lin318,True,313954
run_lin318-99.3_3180_8.json,run_lin318,True,312897
run_lin318-99.3_3180_9.json,run_lin318,True,312614
run_rat783-481.4_7830_0.json,run_rat783,True,65677
run_rat783-481.4_7830_1.json,run_rat783,True,63889
run_rat783-481.4_7830_10.json,run_rat783,True,64971
run_rat783-481.4_7830_11.json,run_rat783,True,63781
run_rat783-481.4_7830_12.json,run_rat783,True,64377
run_rat783-481.4_7830_13.json,run_rat783,True,64585
run_rat783-481.4_7830_14.json,run_rat783,True,64573
run_rat783-481.4_7830_15.json,run_rat783,True,63891
run_rat783-481.4_7830_16.json,run_rat783,True,65606
run_rat783-481.4_7830_17.json,run_rat783,True,63647
run_rat783-481.4_7830_18.json,run_rat783,True,64582
run_rat783-481.4_7830_19.json,run_rat783,True,64582
run_rat783-481.4_7830_2.json,run_rat783,True,63967
run_rat783-481.4_7830_20.json,run_rat783,True,64042
run_rat783-481.4_7830_21.json,run_rat783,True,65508
run_rat783-481.4_7830_22.json,run_rat783,True,64042
run_rat783-481.4_7830_23.json,run_rat783,True,64792
run_rat783-481.4_7830_24.json,run_rat783,True,64573
run_rat783-481.4_7830_25.json,run_rat783,True,63625
run_rat783-481.4_7830_26.json,run_rat783,True,64657
run_rat783-481.4_7830_27.json,run_rat783,True,65584
run_rat783-481.4_7830_28.json,run_rat783,True,64573
run_rat783-481.4_7830_29.json,run_rat783,True,63891
run_rat783-481.4_7830_3.json,run_rat783,True,64880
run_rat783-481.4_7830_30.json,run_rat783,True,64880
run_rat783-481.4_7830_31.json,run_rat783,True,63620
run_rat783-481.4_7830_32.json,run_rat783,True,64573
run_rat783-481.4_7830_33.json,run_rat783,True,64042
run_rat783-481.4_7830_34.json,run_rat783,True,63596
run_rat783-481.4_7830_35.json,run_rat783,True,65508
run_rat783-481.4_7830_36.json,run_rat783,True,63891
run_rat783-481.4_7830_37.json,run_rat783,True,63967
run_rat783-481.4_7830_38.json,run_rat783,True,64041
run_rat783-481.4_7830_39.json,run_rat783,True,63574
run_rat783-481.4_7830_4.json,run_rat783,True,64041
run_rat783-481.4_7830_40.json,run_rat783,True,61696
run_rat783-481.4_7830_41.json,run_rat783,True,61680
run_rat783-481.4_7830_42.json,run_rat783,True,62760
run_rat783-481.4_7830_43.json,run_rat783,True,61680
run_rat783-481.4_7830_44.json,run_rat783,True,61710
run_rat783-481.4_7830_45.json,run_rat783,True,61669
run_rat783-481.4_7830_46.json,run_rat783,True,62096
run_rat783-481.4_7830_47.json,run_rat783,True,61830
run_rat783-481.4_7830_48.json,run_rat783,True,62555
run_rat783-481.4_7830_49.json,run_rat783,True,61832
run_rat783-481.4_7830_5.json,run_rat783,True,66727
run_rat783-481.4_7830_6.json,run_rat783,True,63713
run_rat783-481.4_7830_7.json,run_rat783,True,65717
run_rat783-481.4_7830_8.json,run_rat783,True,63889
run_rat783-481.4_7830_9.json,run_rat783,True,64586
run_ulysses22-5.5_220_0.json,run_ulysses22,True,141
run_ulysses22-5.5_220_1.json,run_ulysses22,True,141
run_ulysses22-5.5_220_10.json,run_ulysses22,True,141
run_ulysses22-5.5_220_11.json,run_ulysses22,True,141
run_ulysses22-5.5_220_12.json,run_ulysses22,True,141
run_ulysses22-5.5_220_13.json,run_ulysses22,True,141
run_ulysses22-5.5_220_14.json,run_ulysses22,True,141
run_ulysses22-5.5_220_15.json,run_ulysses22,True,141
run_ulysses22-5.5_220_16.json,run_ulysses22,True,141
run_ulysses22-5.5_220_17.json,run_ulysses22,True,141
run_ulysses22-5.5_220_18.json,run_ulysses22,True,141
run_ulysses22-5.5_220_19.json,run_ulysses22,True,141
run_ulysses22-5.5_220_2.json,run_ulysses22,True,141
run_ulysses22-5.5_220_20.json,run_ulysses22,True,141
run_ulysses22-5.5_220_21.json,run_ulysses22,True,141
run_ulysses22-5.5_220_22.json,run_ulysses22,True,141
run_ulysses22-5.5_220_23.json,run_ulysses22,True,141
run_ulysses22-5.5_220_24.json,run_ulysses22,True,142
run_ulysses22-5.5_220_25.json,run_ulysses22,True,141
run_ulysses22-5.5_220_26.json,run_ulysses22,True,141
run_ulysses22-5.5_220_27.json,run_ulysses22,True,141
run_ulysses22-5.5_220_28.json,run_ulysses22,True,141
run_ulysses22-5.5_220_29.json,run_ulysses22,True,141
run_ulysses22-5.5_220_3.json,run_ulysses22,True,141
run_ulysses22-5.5_220_30.json,run_ulysses22,True,141
run_ulysses22-5.5_220_31.json,run_ulysses22,True,141
run_ulysses22-5.5_220_32.json,run_ulysses22,True,141
run_ulysses22-5.5_220_33.json,run_ulysses22,True,141
run_ulysses22-5.5_220_34.json,run_ulysses22,True,141
run_ulysses22-5.5_220_35.json,run_ulysses22,True,141
run_ulysses22-5.5_220_36.json,run_ulysses22,True,141
run_ulysses22-5.5_220_37.json,run_ulysses22,True,141
run_ulysses22-5.5_220_38.json,run_ulysses22,True,141
run_ulysses22-5.5_220_39.json,run_ulysses22,True,141
run_ulysses22-5.5_220_4.json,run_ulysses22,True,141
run_ulysses22-5.5_220_40.json,run_ulysses22,True,141
run_ulysses22-5.5_220_41.json,run_ulysses22,True,141
run_ulysses22-5.5_220_42.json,run_ulysses22,True,141
run_ulysses22-5.5_220_43.json,run_ulysses22,True,141
run_ulysses22-5.5_220_44.json,run_ulysses22,True,141
run_ulysses22-5.5_220_45.json,run_ulysses22,True,141
run_ulysses22-5.5_220_46.json,run_ulysses22,True,141
run_ulysses22-5.5_220_47.json,run_ulysses22,True,141
run_ulysses22-5.5_220_48.json,run_ulysses22,True,141
run_ulysses22-5.5_220_49.json,run_ulysses22,True,141
run_ulysses22-5.5_220_5.json,run_ulysses22,True,141
run_ulysses22-5.5_220_6.json,run_ulysses22,True,141
run_ulysses22-5.5_220_7.json,run_ulysses22,True,141
run_ulysses22-5.5_220_8.json,run_ulysses22,True,141
run_ulysses22-5.5_220_9.json,run_ulysses22,True,141
run_vm1084-848.9_10840_0.json,run_vm1084,True,2797182
run_vm1084-848.9_10840_1.json,run_vm1084,True,2801580
run_vm1084-848.9_10840_10.json,run_vm1084,True,2791250
run_vm1084-848.9_10840_11.json,run_vm1084,True,2791250
run_vm1084-848.9_10840_12.json,run_vm1084,True,2798526
run_vm1084-848.9_10840_13.json,run_vm1084,True,2790175
run_vm1084-848.9_10840_14.json,run_vm1084,True,2788867
run_vm1084-848.9_10840_15.json,run_vm1084,True,2798526
run_vm1084-848.9_10840_16.json,run_vm1084,True,2792572
run_vm1084-848.9_10840_17.json,run_vm1084,True,2791490
run_vm1084-848.9_10840_18.json,run_vm1084,True,2801653
run_vm1084-848.9_10840_19.json,run_vm1084,True,2801629
run_vm1084-848.9_10840_2.json,run_vm1084,True,2792813
run_vm1084-848.9_10840_20.json,run_vm1084,True,2797060
run_vm1084-848.9_10840_21.json,run_vm1084,True,2792572
run_vm1084-848.9_10840_22.json,run_vm1084,True,2792813
run_vm1084-848.9_10840_23.json,run_vm1084,True,2797060
run_vm1084-848.9_10840_24.json,run_vm1084,True,2788847
run_vm1084-848.9_10840_25.json,run_vm1084,True,2795841
run_vm1084-848.9_10840_26.json,run_vm1084,True,2800970
run_vm1084-848.9_10840_27.json,run_vm1084,True,2798221
run_vm1084-848.9_10840_28.json,run_vm1084,True,2788839
run_vm1084-848.9_10840_29.json,run_vm1084,True,2788847
run_vm1084-848.9_10840_3.json,run_vm1084,True,2801580
run_vm1084-848.9_10840_30.json,run_vm1084,True,2788846
run_vm1084-848.9_10840_31.json,run_vm1084,True,2790056
run_vm1084-848.9_10840_32.json,run_vm1084,True,2801532
run_vm1084-848.9_10840_33.json,run_vm1084,True,2792572
run_vm1084-848.9_10840_34.json,run_vm1084,True,2787177
run_vm1084-848.9_10840_35.json,run_vm1084,True,2800970
run_vm1084-848.9_10840_36.json,run_vm1084,True,2801653
run_vm1084-848.9_10840_37.json,run_vm1084,True,2793658
run_vm1084-848.9_10840_38.json,run_vm1084,True,2801645
run_vm1084-848.9_10840_39.json,run_vm1084,True,2788867
run_vm1084-848.9_10840_4.json,run_vm1084,True,2790175
run_vm1084-848.9_10840_40.json,run_vm1084,True,2612903
run_vm1084-848.9_10840_41.json,run_vm1084,True,2625134
run_vm1084-848.9_10840_42.json,run_vm1084,True,2619371
run_vm1084-848.9_10840_43.json,run_vm1084,True,2616505
run_vm1084-848.9_10840_44.json,run_vm1084,True,2616516
run_vm1084-848.9_10840_45.json,run_vm1084,True,2617821
run_vm1084-848.9_10840_46.json,run_vm1084,True,2643399
run_vm1084-848.9_10840_47.json,run_vm1084,True,2617803
run_vm1084-848.9_10840_48.json,run_vm1084,True,2617803
run_vm1084-848.9_10840_49.json,run_vm1084,True,2617803
run_vm1084-848.9_10840_5.json,run_vm1084,True,2797182
run_vm1084-848.9_10840_6.json,run_vm1084,True,2801424
run_vm1084-848.9_10840_7.json,run_vm1084,True,2795841
run_vm1084-848.9_10840_8.json,run_vm1084,True,2800970
run_vm1084-848.9_10840_9.json,run_vm1084,True,2801645
