run_1thread_20cpu_berlin52-13.2_520_0.json,run_1thread_20cpu_berlin52,True,18917
run_1thread_20cpu_berlin52-13.2_520_1.json,run_1thread_20cpu_berlin52,True,21008
run_1thread_20cpu_berlin52-13.2_520_10.json,run_1thread_20cpu_berlin52,True,20944
run_1thread_20cpu_berlin52-13.2_520_11.json,run_1thread_20cpu_berlin52,False,1018486
run_1thread_20cpu_berlin52-13.2_520_12.json,run_1thread_20cpu_berlin52,False,1017838
run_1thread_20cpu_berlin52-13.2_520_13.json,run_1thread_20cpu_berlin52,True,18590
run_1thread_20cpu_berlin52-13.2_520_14.json,run_1thread_20cpu_berlin52,True,20809
run_1thread_20cpu_berlin52-13.2_520_15.json,run_1thread_20cpu_berlin52,True,16459
run_1thread_20cpu_berlin52-13.2_520_16.json,run_1thread_20cpu_berlin52,True,20347
run_1thread_20cpu_berlin52-13.2_520_17.json,run_1thread_20cpu_berlin52,True,20120
run_1thread_20cpu_berlin52-13.2_520_18.json,run_1thread_20cpu_berlin52,True,21036
run_1thread_20cpu_berlin52-13.2_520_19.json,run_1thread_20cpu_berlin52,True,18557
run_1thread_20cpu_berlin52-13.2_520_2.json,run_1thread_20cpu_berlin52,True,20370
run_1thread_20cpu_berlin52-13.2_520_20.json,run_1thread_20cpu_berlin52,True,19642
run_1thread_20cpu_berlin52-13.2_520_21.json,run_1thread_20cpu_berlin52,True,18351
run_1thread_20cpu_berlin52-13.2_520_22.json,run_1thread_20cpu_berlin52,True,20673
run_1thread_20cpu_berlin52-13.2_520_23.json,run_1thread_20cpu_berlin52,True,19837
run_1thread_20cpu_berlin52-13.2_520_24.json,run_1thread_20cpu_berlin52,True,18693
run_1thread_20cpu_berlin52-13.2_520_25.json,run_1thread_20cpu_berlin52,True,20633
run_1thread_20cpu_berlin52-13.2_520_26.json,run_1thread_20cpu_berlin52,True,18046
run_1thread_20cpu_berlin52-13.2_520_27.json,run_1thread_20cpu_berlin52,True,19377
run_1thread_20cpu_berlin52-13.2_520_28.json,run_1thread_20cpu_berlin52,True,20344
run_1thread_20cpu_berlin52-13.2_520_29.json,run_1thread_20cpu_berlin52,True,20338
run_1thread_20cpu_berlin52-13.2_520_3.json,run_1thread_20cpu_berlin52,True,20835
run_1thread_20cpu_berlin52-13.2_520_30.json,run_1thread_20cpu_berlin52,True,18124
run_1thread_20cpu_berlin52-13.2_520_31.json,run_1thread_20cpu_berlin52,True,20315
run_1thread_20cpu_berlin52-13.2_520_32.json,run_1thread_20cpu_berlin52,True,19235
run_1thread_20cpu_berlin52-13.2_520_33.json,run_1thread_20cpu_berlin52,True,18590
run_1thread_20cpu_berlin52-13.2_520_34.json,run_1thread_20cpu_berlin52,True,19821
run_1thread_20cpu_berlin52-13.2_520_35.json,run_1thread_20cpu_berlin52,True,20212
run_1thread_20cpu_berlin52-13.2_520_36.json,run_1thread_20cpu_berlin52,True,19681
run_1thread_20cpu_berlin52-13.2_520_37.json,run_1thread_20cpu_berlin52,True,20917
run_1thread_20cpu_berlin52-13.2_520_38.json,run_1thread_20cpu_berlin52,False,1018494
run_1thread_20cpu_berlin52-13.2_520_39.json,run_1thread_20cpu_berlin52,True,19957
run_1thread_20cpu_berlin52-13.2_520_4.json,run_1thread_20cpu_berlin52,True,20014
run_1thread_20cpu_berlin52-13.2_520_5.json,run_1thread_20cpu_berlin52,True,20293
run_1thread_20cpu_berlin52-13.2_520_6.json,run_1thread_20cpu_berlin52,True,19784
run_1thread_20cpu_berlin52-13.2_520_7.json,run_1thread_20cpu_berlin52,True,20559
run_1thread_20cpu_berlin52-13.2_520_8.json,run_1thread_20cpu_berlin52,True,18231
run_1thread_20cpu_berlin52-13.2_520_9.json,run_1thread_20cpu_berlin52,True,20742
run_1thread_20cpu_d657-322.7_6570_0.json,run_1thread_20cpu_d657,True,415589
run_1thread_20cpu_d657-322.7_6570_1.json,run_1thread_20cpu_d657,True,415621
run_1thread_20cpu_d657-322.7_6570_10.json,run_1thread_20cpu_d657,True,414567
run_1thread_20cpu_d657-322.7_6570_11.json,run_1thread_20cpu_d657,True,414567
run_1thread_20cpu_d657-322.7_6570_12.json,run_1thread_20cpu_d657,True,414560
run_1thread_20cpu_d657-322.7_6570_13.json,run_1thread_20cpu_d657,True,414567
run_1thread_20cpu_d657-322.7_6570_14.json,run_1thread_20cpu_d657,True,414560
run_1thread_20cpu_d657-322.7_6570_15.json,run_1thread_20cpu_d657,True,414567
run_1thread_20cpu_d657-322.7_6570_16.json,run_1thread_20cpu_d657,True,414567
run_1thread_20cpu_d657-322.7_6570_17.json,run_1thread_20cpu_d657,True,415589
run_1thread_20cpu_d657-322.7_6570_18.json,run_1thread_20cpu_d657,True,414578
run_1thread_20cpu_d657-322.7_6570_19.json,run_1thread_20cpu_d657,True,415589
run_1thread_20cpu_d657-322.7_6570_2.json,run_1thread_20cpu_d657,True,414567
run_1thread_20cpu_d657-322.7_6570_20.json,run_1thread_20cpu_d657,True,414560
run_1thread_20cpu_d657-322.7_6570_21.json,run_1thread_20cpu_d657,True,414560
run_1thread_20cpu_d657-322.7_6570_22.json,run_1thread_20cpu_d657,True,413814
run_1thread_20cpu_d657-322.7_6570_23.json,run_1thread_20cpu_d657,True,413170
run_1thread_20cpu_d657-322.7_6570_24.json,run_1thread_20cpu_d657,True,414567
run_1thread_20cpu_d657-322.7_6570_25.json,run_1thread_20cpu_d657,True,414560
run_1thread_20cpu_d657-322.7_6570_26.json,run_1thread_20cpu_d657,True,413814
run_1thread_20cpu_d657-322.7_6570_27.json,run_1thread_20cpu_d657,True,414560
run_1thread_20cpu_d657-322.7_6570_28.json,run_1thread_20cpu_d657,True,414560
run_1thread_20cpu_d657-322.7_6570_29.json,run_1thread_20cpu_d657,True,414567
run_1thread_20cpu_d657-322.7_6570_3.json,run_1thread_20cpu_d657,True,414578
run_1thread_20cpu_d657-322.7_6570_30.json,run_1thread_20cpu_d657,True,413276
run_1thread_20cpu_d657-322.7_6570_31.json,run_1thread_20cpu_d657,True,414567
run_1thread_20cpu_d657-322.7_6570_32.json,run_1thread_20cpu_d657,True,414560
run_1thread_20cpu_d657-322.7_6570_33.json,run_1thread_20cpu_d657,True,414567
run_1thread_20cpu_d657-322.7_6570_34.json,run_1thread_20cpu_d657,True,414560
run_1thread_20cpu_d657-322.7_6570_35.json,run_1thread_20cpu_d657,True,413747
run_1thread_20cpu_d657-322.7_6570_36.json,run_1thread_20cpu_d657,True,414560
run_1thread_20cpu_d657-322.7_6570_37.json,run_1thread_20cpu_d657,True,414567
run_1thread_20cpu_d657-322.7_6570_38.json,run_1thread_20cpu_d657,True,413814
run_1thread_20cpu_d657-322.7_6570_39.json,run_1thread_20cpu_d657,True,413276
run_1thread_20cpu_d657-322.7_6570_4.json,run_1thread_20cpu_d657,True,415589
run_1thread_20cpu_d657-322.7_6570_5.json,run_1thread_20cpu_d657,True,414578
run_1thread_20cpu_d657-322.7_6570_6.json,run_1thread_20cpu_d657,True,414567
run_1thread_20cpu_d657-322.7_6570_7.json,run_1thread_20cpu_d657,True,414578
run_1thread_20cpu_d657-322.7_6570_8.json,run_1thread_20cpu_d657,True,415589
run_1thread_20cpu_d657-322.7_6570_9.json,run_1thread_20cpu_d657,True,414578
run_1thread_20cpu_eil101-27.5_1010_0.json,run_1thread_20cpu_eil101,True,1856
run_1thread_20cpu_eil101-27.5_1010_1.json,run_1thread_20cpu_eil101,True,1819
run_1thread_20cpu_eil101-27.5_1010_10.json,run_1thread_20cpu_eil101,True,1723
run_1thread_20cpu_eil101-27.5_1010_11.json,run_1thread_20cpu_eil101,True,1804
run_1thread_20cpu_eil101-27.5_1010_12.json,run_1thread_20cpu_eil101,True,1772
run_1thread_20cpu_eil101-27.5_1010_13.json,run_1thread_20cpu_eil101,True,1850
run_1thread_20cpu_eil101-27.5_1010_14.json,run_1thread_20cpu_eil101,True,1835
run_1thread_20cpu_eil101-27.5_1010_15.json,run_1thread_20cpu_eil101,True,1835
run_1thread_20cpu_eil101-27.5_1010_16.json,run_1thread_20cpu_eil101,True,1757
run_1thread_20cpu_eil101-27.5_1010_17.json,run_1thread_20cpu_eil101,True,1762
run_1thread_20cpu_eil101-27.5_1010_18.json,run_1thread_20cpu_eil101,True,1817
run_1thread_20cpu_eil101-27.5_1010_19.json,run_1thread_20cpu_eil101,True,1844
run_1thread_20cpu_eil101-27.5_1010_2.json,run_1thread_20cpu_eil101,True,1794
run_1thread_20cpu_eil101-27.5_1010_20.json,run_1thread_20cpu_eil101,True,1822
run_1thread_20cpu_eil101-27.5_1010_21.json,run_1thread_20cpu_eil101,True,1762
run_1thread_20cpu_eil101-27.5_1010_22.json,run_1thread_20cpu_eil101,True,1753
run_1thread_20cpu_eil101-27.5_1010_23.json,run_1thread_20cpu_eil101,True,1852
run_1thread_20cpu_eil101-27.5_1010_24.json,run_1thread_20cpu_eil101,True,1943
run_1thread_20cpu_eil101-27.5_1010_25.json,run_1thread_20cpu_eil101,True,1739
run_1thread_20cpu_eil101-27.5_1010_26.json,run_1thread_20cpu_eil101,True,1812
run_1thread_20cpu_eil101-27.5_1010_27.json,run_1thread_20cpu_eil101,True,1820
run_1thread_20cpu_eil101-27.5_1010_28.json,run_1thread_20cpu_eil101,True,1900
run_1thread_20cpu_eil101-27.5_1010_29.json,run_1thread_20cpu_eil101,True,1784
run_1thread_20cpu_eil101-27.5_1010_3.json,run_1thread_20cpu_eil101,True,1727
run_1thread_20cpu_eil101-27.5_1010_30.json,run_1thread_20cpu_eil101,True,1892
run_1thread_20cpu_eil101-27.5_1010_31.json,run_1thread_20cpu_eil101,True,1893
run_1thread_20cpu_eil101-27.5_1010_32.json,run_1thread_20cpu_eil101,True,1727
run_1thread_20cpu_eil101-27.5_1010_33.json,run_1thread_20cpu_eil101,True,1811
run_1thread_20cpu_eil101-27.5_1010_34.json,run_1thread_20cpu_eil101,True,1850
run_1thread_20cpu_eil101-27.5_1010_35.json,run_1thread_20cpu_eil101,True,1757
run_1thread_20cpu_eil101-27.5_1010_36.json,run_1thread_20cpu_eil101,True,1891
run_1thread_20cpu_eil101-27.5_1010_37.json,run_1thread_20cpu_eil101,True,1713
run_1thread_20cpu_eil101-27.5_1010_38.json,run_1thread_20cpu_eil101,True,1855
run_1thread_20cpu_eil101-27.5_1010_39.json,run_1thread_20cpu_eil101,True,1772
run_1thread_20cpu_eil101-27.5_1010_4.json,run_1thread_20cpu_eil101,True,1892
run_1thread_20cpu_eil101-27.5_1010_5.json,run_1thread_20cpu_eil101,True,1722
run_1thread_20cpu_eil101-27.5_1010_6.json,run_1thread_20cpu_eil101,True,1812
run_1thread_20cpu_eil101-27.5_1010_7.json,run_1thread_20cpu_eil101,True,1594
run_1thread_20cpu_eil101-27.5_1010_8.json,run_1thread_20cpu_eil101,True,1777
run_1thread_20cpu_eil101-27.5_1010_9.json,run_1thread_20cpu_eil101,True,1887
run_1thread_20cpu_fl417-160.6_4170_0.json,run_1thread_20cpu_fl417,True,264005
run_1thread_20cpu_fl417-160.6_4170_1.json,run_1thread_20cpu_fl417,True,264005
run_1thread_20cpu_fl417-160.6_4170_10.json,run_1thread_20cpu_fl417,True,264005
run_1thread_20cpu_fl417-160.6_4170_11.json,run_1thread_20cpu_fl417,True,264005
run_1thread_20cpu_fl417-160.6_4170_12.json,run_1thread_20cpu_fl417,True,264005
run_1thread_20cpu_fl417-160.6_4170_13.json,run_1thread_20cpu_fl417,True,264005
run_1thread_20cpu_fl417-160.6_4170_14.json,run_1thread_20cpu_fl417,True,264005
run_1thread_20cpu_fl417-160.6_4170_15.json,run_1thread_20cpu_fl417,True,264005
run_1thread_20cpu_fl417-160.6_4170_16.json,run_1thread_20cpu_fl417,True,264005
run_1thread_20cpu_fl417-160.6_4170_17.json,run_1thread_20cpu_fl417,True,264005
run_1thread_20cpu_fl417-160.6_4170_18.json,run_1thread_20cpu_fl417,True,264005
run_1thread_20cpu_fl417-160.6_4170_19.json,run_1thread_20cpu_fl417,True,264013
run_1thread_20cpu_fl417-160.6_4170_2.json,run_1thread_20cpu_fl417,True,264005
run_1thread_20cpu_fl417-160.6_4170_20.json,run_1thread_20cpu_fl417,True,264005
run_1thread_20cpu_fl417-160.6_4170_21.json,run_1thread_20cpu_fl417,True,264081
run_1thread_20cpu_fl417-160.6_4170_22.json,run_1thread_20cpu_fl417,True,264005
run_1thread_20cpu_fl417-160.6_4170_23.json,run_1thread_20cpu_fl417,True,264005
run_1thread_20cpu_fl417-160.6_4170_24.json,run_1thread_20cpu_fl417,True,264005
run_1thread_20cpu_fl417-160.6_4170_25.json,run_1thread_20cpu_fl417,True,264080
run_1thread_20cpu_fl417-160.6_4170_26.json,run_1thread_20cpu_fl417,True,263953
run_1thread_20cpu_fl417-160.6_4170_27.json,run_1thread_20cpu_fl417,True,264005
run_1thread_20cpu_fl417-160.6_4170_28.json,run_1thread_20cpu_fl417,True,263953
run_1thread_20cpu_fl417-160.6_4170_29.json,run_1thread_20cpu_fl417,True,264081
run_1thread_20cpu_fl417-160.6_4170_3.json,run_1thread_20cpu_fl417,True,264005
run_1thread_20cpu_fl417-160.6_4170_30.json,run_1thread_20cpu_fl417,True,263953
run_1thread_20cpu_fl417-160.6_4170_31.json,run_1thread_20cpu_fl417,True,264005
run_1thread_20cpu_fl417-160.6_4170_32.json,run_1thread_20cpu_fl417,True,264005
run_1thread_20cpu_fl417-160.6_4170_33.json,run_1thread_20cpu_fl417,True,264005
run_1thread_20cpu_fl417-160.6_4170_34.json,run_1thread_20cpu_fl417,True,264005
run_1thread_20cpu_fl417-160.6_4170_35.json,run_1thread_20cpu_fl417,True,264005
run_1thread_20cpu_fl417-160.6_4170_36.json,run_1thread_20cpu_fl417,True,264005
run_1thread_20cpu_fl417-160.6_4170_37.json,run_1thread_20cpu_fl417,True,264005
run_1thread_20cpu_fl417-160.6_4170_38.json,run_1thread_20cpu_fl417,True,264081
run_1thread_20cpu_fl417-160.6_4170_39.json,run_1thread_20cpu_fl417,True,264013
run_1thread_20cpu_fl417-160.6_4170_4.json,run_1thread_20cpu_fl417,True,264005
run_1thread_20cpu_fl417-160.6_4170_5.json,run_1thread_20cpu_fl417,True,264005
run_1thread_20cpu_fl417-160.6_4170_6.json,run_1thread_20cpu_fl417,True,264005
run_1thread_20cpu_fl417-160.6_4170_7.json,run_1thread_20cpu_fl417,True,264013
run_1thread_20cpu_fl417-160.6_4170_8.json,run_1thread_20cpu_fl417,True,264005
run_1thread_20cpu_fl417-160.6_4170_9.json,run_1thread_20cpu_fl417,True,264013
run_1thread_20cpu_gr202-67.3_2020_0.json,run_1thread_20cpu_gr202,True,1450
run_1thread_20cpu_gr202-67.3_2020_1.json,run_1thread_20cpu_gr202,True,1354
run_1thread_20cpu_gr202-67.3_2020_10.json,run_1thread_20cpu_gr202,True,1338
run_1thread_20cpu_gr202-67.3_2020_11.json,run_1thread_20cpu_gr202,True,1424
run_1thread_20cpu_gr202-67.3_2020_12.json,run_1thread_20cpu_gr202,True,1450
run_1thread_20cpu_gr202-67.3_2020_13.json,run_1thread_20cpu_gr202,True,1381
run_1thread_20cpu_gr202-67.3_2020_14.json,run_1thread_20cpu_gr202,True,1442
run_1thread_20cpu_gr202-67.3_2020_15.json,run_1thread_20cpu_gr202,True,1402
run_1thread_20cpu_gr202-67.3_2020_16.json,run_1thread_20cpu_gr202,True,1336
run_1thread_20cpu_gr202-67.3_2020_17.json,run_1thread_20cpu_gr202,True,1321
run_1thread_20cpu_gr202-67.3_2020_18.json,run_1thread_20cpu_gr202,True,1375
run_1thread_20cpu_gr202-67.3_2020_19.json,run_1thread_20cpu_gr202,True,1432
run_1thread_20cpu_gr202-67.3_2020_2.json,run_1thread_20cpu_gr202,True,1319
run_1thread_20cpu_gr202-67.3_2020_20.json,run_1thread_20cpu_gr202,True,1424
run_1thread_20cpu_gr202-67.3_2020_21.json,run_1thread_20cpu_gr202,True,1319
run_1thread_20cpu_gr202-67.3_2020_22.json,run_1thread_20cpu_gr202,True,1451
run_1thread_20cpu_gr202-67.3_2020_23.json,run_1thread_20cpu_gr202,True,1445
run_1thread_20cpu_gr202-67.3_2020_24.json,run_1thread_20cpu_gr202,True,1309
run_1thread_20cpu_gr202-67.3_2020_25.json,run_1thread_20cpu_gr202,True,1367
run_1thread_20cpu_gr202-67.3_2020_26.json,run_1thread_20cpu_gr202,True,1415
run_1thread_20cpu_gr202-67.3_2020_27.json,run_1thread_20cpu_gr202,True,1489
run_1thread_20cpu_gr202-67.3_2020_28.json,run_1thread_20cpu_gr202,True,1383
run_1thread_20cpu_gr202-67.3_2020_29.json,run_1thread_20cpu_gr202,True,1437
run_1thread_20cpu_gr202-67.3_2020_3.json,run_1thread_20cpu_gr202,True,1439
run_1thread_20cpu_gr202-67.3_2020_30.json,run_1thread_20cpu_gr202,True,1385
run_1thread_20cpu_gr202-67.3_2020_31.json,run_1thread_20cpu_gr202,True,1356
run_1thread_20cpu_gr202-67.3_2020_32.json,run_1thread_20cpu_gr202,True,1449
run_1thread_20cpu_gr202-67.3_2020_33.json,run_1thread_20cpu_gr202,True,1441
run_1thread_20cpu_gr202-67.3_2020_34.json,run_1thread_20cpu_gr202,True,1565
run_1thread_20cpu_gr202-67.3_2020_35.json,run_1thread_20cpu_gr202,True,1433
run_1thread_20cpu_gr202-67.3_2020_36.json,run_1thread_20cpu_gr202,True,1501
run_1thread_20cpu_gr202-67.3_2020_37.json,run_1thread_20cpu_gr202,True,1299
run_1thread_20cpu_gr202-67.3_2020_38.json,run_1thread_20cpu_gr202,True,1459
run_1thread_20cpu_gr202-67.3_2020_39.json,run_1thread_20cpu_gr202,True,1373
run_1thread_20cpu_gr202-67.3_2020_4.json,run_1thread_20cpu_gr202,True,1358
run_1thread_20cpu_gr202-67.3_2020_5.json,run_1thread_20cpu_gr202,True,1387
run_1thread_20cpu_gr202-67.3_2020_6.json,run_1thread_20cpu_gr202,True,1365
run_1thread_20cpu_gr202-67.3_2020_7.json,run_1thread_20cpu_gr202,True,1397
run_1thread_20cpu_gr202-67.3_2020_8.json,run_1thread_20cpu_gr202,True,1383
run_1thread_20cpu_gr202-67.3_2020_9.json,run_1thread_20cpu_gr202,True,1435
run_1thread_20cpu_lin318-99.3_3180_0.json,run_1thread_20cpu_lin318,True,312611
run_1thread_20cpu_lin318-99.3_3180_1.json,run_1thread_20cpu_lin318,True,312614
run_1thread_20cpu_lin318-99.3_3180_10.json,run_1thread_20cpu_lin318,True,312614
run_1thread_20cpu_lin318-99.3_3180_11.json,run_1thread_20cpu_lin318,True,312611
run_1thread_20cpu_lin318-99.3_3180_12.json,run_1thread_20cpu_lin318,True,312611
run_1thread_20cpu_lin318-99.3_3180_13.json,run_1thread_20cpu_lin318,True,312611
run_1thread_20cpu_lin318-99.3_3180_14.json,run_1thread_20cpu_lin318,True,312611
run_1thread_20cpu_lin318-99.3_3180_15.json,run_1thread_20cpu_lin318,True,312614
run_1thread_20cpu_lin318-99.3_3180_16.json,run_1thread_20cpu_lin318,True,312611
run_1thread_20cpu_lin318-99.3_3180_17.json,run_1thread_20cpu_lin318,True,312611
run_1thread_20cpu_lin318-99.3_3180_18.json,run_1thread_20cpu_lin318,True,312897
run_1thread_20cpu_lin318-99.3_3180_19.json,run_1thread_20cpu_lin318,True,312614
run_1thread_20cpu_lin318-99.3_3180_2.json,run_1thread_20cpu_lin318,True,312611
run_1thread_20cpu_lin318-99.3_3180_20.json,run_1thread_20cpu_lin318,True,312614
run_1thread_20cpu_lin318-99.3_3180_21.json,run_1thread_20cpu_lin318,True,312614
run_1thread_20cpu_lin318-99.3_3180_22.json,run_1thread_20cpu_lin318,True,312614
run_1thread_20cpu_lin318-99.3_3180_23.json,run_1thread_20cpu_lin318,True,312614
run_1thread_20cpu_lin318-99.3_3180_24.json,run_1thread_20cpu_lin318,True,312614
run_1thread_20cpu_lin318-99.3_3180_25.json,run_1thread_20cpu_lin318,True,312611
run_1thread_20cpu_lin318-99.3_3180_26.json,run_1thread_20cpu_lin318,True,312611
run_1thread_20cpu_lin318-99.3_3180_27.json,run_1thread_20cpu_lin318,True,312897
run_1thread_20cpu_lin318-99.3_3180_28.json,run_1thread_20cpu_lin318,True,312897
run_1thread_20cpu_lin318-99.3_3180_29.json,run_1thread_20cpu_lin318,True,312614
run_1thread_20cpu_lin318-99.3_3180_3.json,run_1thread_20cpu_lin318,True,312614
run_1thread_20cpu_lin318-99.3_3180_30.json,run_1thread_20cpu_lin318,True,312611
run_1thread_20cpu_lin318-99.3_3180_31.json,run_1thread_20cpu_lin318,True,312611
run_1thread_20cpu_lin318-99.3_3180_32.json,run_1thread_20cpu_lin318,True,312614
run_1thread_20cpu_lin318-99.3_3180_33.json,run_1thread_20cpu_lin318,True,312614
run_1thread_20cpu_lin318-99.3_3180_34.json,run_1thread_20cpu_lin318,True,312611
run_1thread_20cpu_lin318-99.3_3180_35.json,run_1thread_20cpu_lin318,True,312611
run_1thread_20cpu_lin318-99.3_3180_36.json,run_1thread_20cpu_lin318,True,312897
run_1thread_20cpu_lin318-99.3_3180_37.json,run_1thread_20cpu_lin318,True,312614
run_1thread_20cpu_lin318-99.3_3180_38.json,run_1thread_20cpu_lin318,True,312614
run_1thread_20cpu_lin318-99.3_3180_39.json,run_1thread_20cpu_lin318,True,312611
run_1thread_20cpu_lin318-99.3_3180_4.json,run_1thread_20cpu_lin318,True,312611
run_1thread_20cpu_lin318-99.3_3180_5.json,run_1thread_20cpu_lin318,True,312611
run_1thread_20cpu_lin318-99.3_3180_6.json,run_1thread_20cpu_lin318,True,312614
run_1thread_20cpu_lin318-99.3_3180_7.json,run_1thread_20cpu_lin318,True,312611
run_1thread_20cpu_lin318-99.3_3180_8.json,run_1thread_20cpu_lin318,True,312611
run_1thread_20cpu_lin318-99.3_3180_9.json,run_1thread_20cpu_lin318,True,312611
run_1thread_20cpu_rat783-481.4_7830_0.json,run_1thread_20cpu_rat783,True,62746
run_1thread_20cpu_rat783-481.4_7830_1.json,run_1thread_20cpu_rat783,True,62782
run_1thread_20cpu_rat783-481.4_7830_10.json,run_1thread_20cpu_rat783,True,62555
run_1thread_20cpu_rat783-481.4_7830_11.json,run_1thread_20cpu_rat783,True,62746
run_1thread_20cpu_rat783-481.4_7830_12.json,run_1thread_20cpu_rat783,True,62782
run_1thread_20cpu_rat783-481.4_7830_13.json,run_1thread_20cpu_rat783,True,61811
run_1thread_20cpu_rat783-481.4_7830_14.json,run_1thread_20cpu_rat783,True,62883
run_1thread_20cpu_rat783-481.4_7830_15.json,run_1thread_20cpu_rat783,True,62782
run_1thread_20cpu_rat783-481.4_7830_16.json,run_1thread_20cpu_rat783,True,62760
run_1thread_20cpu_rat783-481.4_7830_17.json,run_1thread_20cpu_rat783,True,63458
run_1thread_20cpu_rat783-481.4_7830_18.json,run_1thread_20cpu_rat783,True,62746
run_1thread_20cpu_rat783-481.4_7830_19.json,run_1thread_20cpu_rat783,True,62782
run_1thread_20cpu_rat783-481.4_7830_2.json,run_1thread_20cpu_rat783,True,62811
run_1thread_20cpu_rat783-481.4_7830_20.json,run_1thread_20cpu_rat783,True,63177
run_1thread_20cpu_rat783-481.4_7830_21.json,run_1thread_20cpu_rat783,True,62746
run_1thread_20cpu_rat783-481.4_7830_22.json,run_1thread_20cpu_rat783,True,62096
run_1thread_20cpu_rat783-481.4_7830_23.json,run_1thread_20cpu_rat783,True,63311
run_1thread_20cpu_rat783-481.4_7830_24.json,run_1thread_20cpu_rat783,True,62760
run_1thread_20cpu_rat783-481.4_7830_25.json,run_1thread_20cpu_rat783,True,62730
run_1thread_20cpu_rat783-481.4_7830_26.json,run_1thread_20cpu_rat783,True,62746
run_1thread_20cpu_rat783-481.4_7830_27.json,run_1thread_20cpu_rat783,True,62675
run_1thread_20cpu_rat783-481.4_7830_28.json,run_1thread_20cpu_rat783,True,62746
run_1thread_20cpu_rat783-481.4_7830_29.json,run_1thread_20cpu_rat783,True,62555
run_1thread_20cpu_rat783-481.4_7830_3.json,run_1thread_20cpu_rat783,True,62746
run_1thread_20cpu_rat783-481.4_7830_30.json,run_1thread_20cpu_rat783,True,63293
run_1thread_20cpu_rat783-481.4_7830_31.json,run_1thread_20cpu_rat783,True,62760
run_1thread_20cpu_rat783-481.4_7830_32.json,run_1thread_20cpu_rat783,True,61821
run_1thread_20cpu_rat783-481.4_7830_33.json,run_1thread_20cpu_rat783,True,62555
run_1thread_20cpu_rat783-481.4_7830_34.json,run_1thread_20cpu_rat783,True,62689
run_1thread_20cpu_rat783-481.4_7830_35.json,run_1thread_20cpu_rat783,True,62782
run_1thread_20cpu_rat783-481.4_7830_36.json,run_1thread_20cpu_rat783,True,62760
run_1thread_20cpu_rat783-481.4_7830_37.json,run_1thread_20cpu_rat783,True,61717
run_1thread_20cpu_rat783-481.4_7830_38.json,run_1thread_20cpu_rat783,True,63247
run_1thread_20cpu_rat783-481.4_7830_39.json,run_1thread_20cpu_rat783,True,62746
run_1thread_20cpu_rat783-481.4_7830_4.json,run_1thread_20cpu_rat783,True,62539
run_1thread_20cpu_rat783-481.4_7830_5.json,run_1thread_20cpu_rat783,True,62305
run_1thread_20cpu_rat783-481.4_7830_6.json,run_1thread_20cpu_rat783,True,62760
run_1thread_20cpu_rat783-481.4_7830_7.json,run_1thread_20cpu_rat783,True,62760
run_1thread_20cpu_rat783-481.4_7830_8.json,run_1thread_20cpu_rat783,True,62746
run_1thread_20cpu_rat783-481.4_7830_9.json,run_1thread_20cpu_rat783,True,61730
run_1thread_20cpu_vm1084-848.9_10840_0.json,run_1thread_20cpu_vm1084,True,2671335
run_1thread_20cpu_vm1084-848.9_10840_1.json,run_1thread_20cpu_vm1084,True,2670677
run_1thread_20cpu_vm1084-848.9_10840_10.json,run_1thread_20cpu_vm1084,True,2669324
run_1thread_20cpu_vm1084-848.9_10840_11.json,run_1thread_20cpu_vm1084,True,2665664
run_1thread_20cpu_vm1084-848.9_10840_12.json,run_1thread_20cpu_vm1084,True,2663885
run_1thread_20cpu_vm1084-848.9_10840_13.json,run_1thread_20cpu_vm1084,True,2670677
run_1thread_20cpu_vm1084-848.9_10840_14.json,run_1thread_20cpu_vm1084,True,2669580
run_1thread_20cpu_vm1084-848.9_10840_15.json,run_1thread_20cpu_vm1084,True,2663431
run_1thread_20cpu_vm1084-848.9_10840_16.json,run_1thread_20cpu_vm1084,True,2670677
run_1thread_20cpu_vm1084-848.9_10840_17.json,run_1thread_20cpu_vm1084,True,2671335
run_1thread_20cpu_vm1084-848.9_10840_18.json,run_1thread_20cpu_vm1084,True,2670677
run_1thread_20cpu_vm1084-848.9_10840_19.json,run_1thread_20cpu_vm1084,True,2663885
run_1thread_20cpu_vm1084-848.9_10840_2.json,run_1thread_20cpu_vm1084,True,2670815
run_1thread_20cpu_vm1084-848.9_10840_20.json,run_1thread_20cpu_vm1084,True,2666369
run_1thread_20cpu_vm1084-848.9_10840_21.json,run_1thread_20cpu_vm1084,True,2664071
run_1thread_20cpu_vm1084-848.9_10840_22.json,run_1thread_20cpu_vm1084,True,2665664
run_1thread_20cpu_vm1084-848.9_10840_23.json,run_1thread_20cpu_vm1084,True,2671674
run_1thread_20cpu_vm1084-848.9_10840_24.json,run_1thread_20cpu_vm1084,True,2670090
run_1thread_20cpu_vm1084-848.9_10840_25.json,run_1thread_20cpu_vm1084,True,2663885
run_1thread_20cpu_vm1084-848.9_10840_26.json,run_1thread_20cpu_vm1084,True,2646789
run_1thread_20cpu_vm1084-848.9_10840_27.json,run_1thread_20cpu_vm1084,True,2666369
run_1thread_20cpu_vm1084-848.9_10840_28.json,run_1thread_20cpu_vm1084,True,2663222
run_1thread_20cpu_vm1084-848.9_10840_29.json,run_1thread_20cpu_vm1084,True,2663350
run_1thread_20cpu_vm1084-848.9_10840_3.json,run_1thread_20cpu_vm1084,True,2685486
run_1thread_20cpu_vm1084-848.9_10840_30.json,run_1thread_20cpu_vm1084,True,2663350
run_1thread_20cpu_vm1084-848.9_10840_31.json,run_1thread_20cpu_vm1084,True,2663370
run_1thread_20cpu_vm1084-848.9_10840_32.json,run_1thread_20cpu_vm1084,True,2663885
run_1thread_20cpu_vm1084-848.9_10840_33.json,run_1thread_20cpu_vm1084,True,2664071
run_1thread_20cpu_vm1084-848.9_10840_34.json,run_1thread_20cpu_vm1084,True,2663370
run_1thread_20cpu_vm1084-848.9_10840_35.json,run_1thread_20cpu_vm1084,True,2663222
run_1thread_20cpu_vm1084-848.9_10840_36.json,run_1thread_20cpu_vm1084,True,2670090
run_1thread_20cpu_vm1084-848.9_10840_37.json,run_1thread_20cpu_vm1084,True,2673978
run_1thread_20cpu_vm1084-848.9_10840_38.json,run_1thread_20cpu_vm1084,True,2674660
run_1thread_20cpu_vm1084-848.9_10840_39.json,run_1thread_20cpu_vm1084,True,2663350
run_1thread_20cpu_vm1084-848.9_10840_4.json,run_1thread_20cpu_vm1084,True,2666226
run_1thread_20cpu_vm1084-848.9_10840_5.json,run_1thread_20cpu_vm1084,True,2664688
run_1thread_20cpu_vm1084-848.9_10840_6.json,run_1thread_20cpu_vm1084,True,2669347
run_1thread_20cpu_vm1084-848.9_10840_7.json,run_1thread_20cpu_vm1084,True,2664688
run_1thread_20cpu_vm1084-848.9_10840_8.json,run_1thread_20cpu_vm1084,True,2664071
run_1thread_20cpu_vm1084-848.9_10840_9.json,run_1thread_20cpu_vm1084,True,2669324
